depth,27Al,39K,43Ca,S_K,S_Ca,CaK_ratio,55Mn,57Fe,65Cu,66Zn,138Ba,Ba_Ca,Mn_Fe,Cu_Zn,Ba_Ca_norm,Mn_Fe_norm,Cu_Zn_norm,Fe_star,Mn_star,Cu_star,Zn_star,Fe_star_norm,Mn_star_norm,Cu_star_norm,Zn_star_norm,Microbial_Index,Enrichment_Index,S_Ca_norm,CaK_modulator,Activity_Index_raw,Activity_Index_modulated,Activity_Index
0,8676.634,52060.4,83015.71,0.178639,0.282092,1.59460371,28.52994,1146.075,50.61988,952.4538,555.1719,0.006688,0.024894,0.053147,,,,,,,,,,,,,,0,0.41079258,0,0,0
5,13437.34,18371.98,34523.04,0.063041,0.117311,1.87911339,23.05259,376.7644,25.17616,727.8019,311.0453,0.009001,0.061186,0.034592,,,,,,,,,,,,,,0,0,0,0,0
10,17942.59,58487.38,76725.39,0.200692,0.260717,1.31182813,27.06328,194.5822,30.52378,685.7281,353.2795,0.004604,0.139084,0.044513,,,,,,,,,,,,,,0,0.97634374,0,0,0
15,63.06474,2751.232,4181.951,0.009441,0.014211,1.52002851,18.35361,0,2.411559,358.5593,25.41499,0.006077,0,0.006726,,,,,,,,,,,,,,0,0.55994298,0,0,0
20,65.61434,7563.386,8675.871,0.025953,0.029481,1.14708813,25.97618,1.569697,1.473485,226.9754,74.3333,0.008568,0.060428,0.006492,,,,,,,,,,,,,,0,1,0,0,0
25,195.0257,8067.188,8327.64,0.027682,0.028298,1.03228544,33.81488,0,143.2083,227.1478,39.79709,0.004779,0,0.630463,,,,,,,,,,,,,,0,1,0,0,0
30,3272.107,102621.8,121144.8,0.352134,0.411657,1.18049725,83.42433,5.380469,15.91225,350.5145,168.2103,0.001389,0.064495,0.045397,,,,,,,,,,,,,,0,1,0,0,0
35,237.5909,208357.9,268492.9,0.714954,0.912354,1.28861392,48.53871,3.374204,17.49646,197.6926,211.5525,0.000788,0.069516,0.088503,,,,,,,,,,,,,,0,1,0,0,0
40,11356.98,250689,338110.9,0.860207,1.14892,1.34872639,125.2801,14.12514,16.29841,171.7476,335.6247,0.000993,0.112748,0.094897,,,,,,,,,,,,,,0.04749456,0.90254722,0,0,0
45,29.92005,560850.4,724665.1,1.924487,2.462454,1.29208267,38.35977,0,2.824393,32.16856,351.7981,0.000485,0,0.0878,0.087264151,0,0.824774282,0,15.57785625,1.146982584,13.06361335,0,0.006549266,0.104191831,0.037467034,0.304012811,0.037052033,0.466415586,1,0.170532422,0.07953898,0.123492823
50,247.8302,449515.6,566670.7,1.542455,1.92558,1.2606252,45.4247,0,8.429413,112.1783,316.7717,0.000559,0,0.075143,0.261792453,0,0.850034327,0,23.59012682,4.377594607,58.25685858,0,0.078020683,0.397660438,0.261862105,0.370608927,0.184385806,0.295192148,1,0.277497366,0.081915044,0.127181918
55,479.2819,901128,1041023,3.092106,3.537455,1.1552439,68.14125,0,9.164391,125.961,474.2594,0.000456,0,0.072756,0.018867925,0,0.854798151,0,19.26278376,2.590672789,35.60779272,0,0.039419723,0.235336564,0.149404176,0.291222025,0.106040116,0.809262077,1,0.198631071,0.160744593,0.249573273
60,17500.77,806392.6,830761.6,2.767034,2.822976,1.03021976,320.4277,22.79933,21.52977,584.125,724.1594,0.000872,0.071153,0.036858,1,0.611805675,0.926441122,8.076342811,113.5070176,7.626618991,206.9180868,1,0.880101373,0.692801623,1,0.846082266,0.893225749,0.581395668,1,0.869654007,0.505613072,0.785018689
65,,1117296,1217024,3.83386,4.135517,1.08925755,322.5982,28.58027,16.08916,304.5747,867.1508,0.000713,0.088594,0.052825,0.625,0.761771281,0.894575187,6.910928691,78.00672129,3.890482401,73.64850062,0.855700266,0.563430034,0.353411194,0.338285221,0.760448823,0.527706679,1,1,0.644077751,0.644077751,0.999999998
70,8775.713,888572.4,1032174,3.049023,3.507386,1.16160899,140.3403,11.79018,6.438511,180.0084,561.8307,0.000544,0.084011,0.035768,0.226415094,0.722364574,0.928616475,3.361528112,40.01277874,1.835700195,51.32265131,0.416219097,0.22451476,0.166754898,0.227432138,0.625798715,0.258730223,0.799672271,1,0.442264469,0.353666632,0.549105494
75,2193.806,820293.8,990716.1,2.814734,3.366511,1.20775758,130.1783,8.77462,4.79864,333.3143,500.7989,0.000505,0.067405,0.014397,0.134433962,0.579578676,0.971267373,2.606442514,38.66859824,1.425404098,99.00879605,0.322725592,0.212524341,0.129483625,0.464205041,0.561760004,0.28223465,0.754743476,1,0.421997327,0.318499729,0.494505094
80,10785.27,894269,1037362,3.06857,3.525018,1.16001171,170.6781,12.96136,10.83675,122.7664,674.7965,0.00065,0.07594,0.088271,0.476415094,0.652966466,0.82383429,3.676961741,48.41905817,3.074238749,34.8271598,0.45527559,0.299500832,0.279263668,0.145528151,0.65107195,0.29489206,0.805295586,1,0.472982005,0.380890321,0.5913732
85,29.60619,777533.7,954243.1,2.668008,3.242574,1.22726907,56.53084,6.052777,6.022159,21.76651,427.1693,0.000448,0.10707,0.276671,0,0.920636285,0.447837419,1.866657518,17.43393445,1.857215022,6.712723684,0.231126583,0.023105939,0.168709304,0.005933376,0.456157902,0.1072188,0.715216661,1,0.281688351,0.201468202,0.312801058
90,33.72852,747611,912786.7,2.565332,3.101702,1.22093798,51.54498,0,8.575469,17.11439,416.4767,0.000456,0,0.501068,0.018867925,0,0,0,16.61828357,2.764761487,5.517739771,0,0.015830133,0.251150772,0,0.006289308,0.066745226,0.670288823,1,0.036517267,0.024477116,0.038003356
95,61.69179,815668.4,894916.2,2.798862,3.040977,1.09715694,62.41699,2.329587,17.879,55.63222,461.3523,0.000516,0.037323,0.321379,0.160377358,0.320920034,0.358612005,0.766065062,20.5253014,5.879358548,18.29418694,0.094852965,0.050681689,0.534080586,0.063438059,0.279969799,0.185763325,0.650922001,1,0.232866562,0.151577969,0.235341103
100,415.3227,626335.4,744139.9,2.14919,2.528631,1.18808542,59.8519,0,0,54.18509,389.48,0.000523,0,0,0.176886792,0,1,0,23.66967594,0,21.42861832,0,0.07873028,0,0.079001247,0.392295597,0.039432882,0.487521197,1,0.21586424,0.105238392,0.163393926
105,243.6324,574419.7,703216.2,1.971048,2.38957,1.22422026,56.1438,0,0,60.2628,370.6229,0.000527,0,0,0.186320755,0,1,0,23.49534707,0,25.21908744,0,0.077175224,0,0.097821816,0.395440252,0.04374926,0.443170935,1,0.219594756,0.097318013,0.151096685
110,3740.696,655696.8,763175.4,2.24994,2.593314,1.16391501,245.4697,4.984855,28.54818,176.2666,462.2832,0.000606,0.1163,0.16196,0.372641509,1,0.676770418,1.92219418,94.65479512,11.00837345,67.96960647,0.238003045,0.711934931,1,0.310088178,0.683137309,0.565006538,0.50815033,1,0.624071924,0.317122354,0.492366571
115,352.9761,503392.7,614465.2,1.727328,2.087988,1.22064787,58.14187,0,2.552275,126.7498,345.2965,0.000562,0,0.020136,0.268867925,0,0.959813838,0,27.84586988,1.222360367,60.70424701,0,0.115982953,0.111039144,0.274013963,0.409560587,0.125259015,0.346988391,1,0.267409801,0.092788097,0.144063502
120,27.76267,642561,736828.3,2.204866,2.503785,1.14670555,42.13971,0,1.35421,38.77621,407.5418,0.000553,0,0.034924,0.247641509,0,0.930300877,0,16.83039605,0.540864914,15.48703044,0,0.017722228,0.049132137,0.049499868,0.392647462,0.029088558,0.479597144,1,0.21086801,0.101131696,0.157017837
125,14.34821,719638.1,860094.2,2.469346,2.92265,1.19517604,48.4217,0,1.472552,24.53401,439.6536,0.000511,0,0.060021,0.148584906,0,0.880213863,0,16.56773251,0.503841204,8.394437105,0,0.015379205,0.045768906,0.014283478,0.342932923,0.018857897,0.613184365,1,0.18089541,0.110922237,0.172218706
130,41.64798,762012.7,856821.6,2.614749,2.91153,1.12441914,53.45275,0,8.573292,38.22559,465.9022,0.000544,0,0.224281,0.226415094,0,0.552394086,0,18.35898364,2.94459925,13.12903417,0,0.031357604,0.267487224,0.037791863,0.25960306,0.084159173,0.6096379,1,0.171881116,0.104785243,0.162690363
135,13030.81,768031.4,808338.2,2.635402,2.74678,1.05248065,348.6989,14.02805,12.2967,201.5652,653.8833,0.000809,0.04023,0.061006,0.851415094,0.345915735,0.878248062,5.107087169,126.9481986,4.476767533,73.38233372,0.63235146,1,0.406669301,0.33696364,0.691859631,0.5939961,0.557094731,1,0.642927865,0.358171726,0.556100137
140,90.48346,739935.1,808174,2.538993,2.746222,1.09222275,53.00274,3.614434,1.252952,52.82889,507.5526,0.000628,0.068193,0.023717,0.424528302,0.586354256,0.952667103,1.316147305,19.30023163,0.456245542,19.2369265,0.162963279,0.039753767,0.041445318,0.068118983,0.654516554,0.078070337,0.55691677,1,0.366293445,0.203994962,0.316724125
145,798.6622,640923.3,735950.9,2.199247,2.500804,1.14826668,67.62821,2.392527,1.096718,73.60194,483.5377,0.000657,0.035378,0.014901,0.492924528,0.304196045,0.970261521,0.956702742,27.04257629,0.438545988,29.43129912,0.118457421,0.108817377,0.039837492,0.118736436,0.589127365,0.096462182,0.478646424,1,0.342794773,0.164077492,0.254747959
150,27.17432,571076,690030.1,1.959575,2.344762,1.2082981,34.80485,0,0,33.95026,414.5938,0.000601,0,0,0.360849057,0,1,0,14.84365371,0,14.47918617,0,0,0,0.044495685,0.453616352,0.011123921,0.428880468,1,0.232370137,0.099659013,0.154731339
155,105.2717,612181.8,764236.3,2.100624,2.596919,1.24838133,56.97183,1.100849,0.796678,146.133,581.7662,0.000761,0.019323,0.005452,0.738207547,0.166147893,0.989119241,0.423905627,21.93823067,0.306778029,56.27166027,0.052487325,0.063285364,0.027867698,0.252005129,0.631158227,0.098911379,0.509300061,1,0.365034803,0.185912248,0.288648765
