depth,order,iCAP #,Type,Sample_ID,27Al,39K,43Ca,51V,52Cr,55Mn,57Fe,59Co,60Ni,65Cu,66Zn,89Y,95Mo,111Cd,129Xe,135Ba,136Ba,138Ba,139La,140Ce,208Pb
0,1,19,sample,Core16_0-5,8676.633715,52060.4016,83015.70958,0,68.12319831,28.52994294,1146.074761,0,5.305521402,50.6198769,952.4538136,0,0,0,0,526.4160274,898.7769545,555.1718807,0,0,0.361285945
5,2,25,sample,Core16_5-10,13437.3419,18371.98458,34523.04232,0,20.59185321,23.05259383,376.7644466,0,0,25.17615659,727.8018852,0,0,0,0,304.1548244,348.3233801,311.0453185,0,0,0
10,3,1,sample,Core16_10-15,17942.59394,58487.37622,76725.38516,0,21.30083887,27.06328346,194.5822127,0,0,30.52377837,685.7281407,0,0,0,0,350.2392282,388.8707715,353.2795163,0,0,0.426702763
15,4,2,sample,Core16_15-20,63.06473983,2751.232174,4181.951329,0,10.94357378,0,18.35361489,0,0,2.41155871,358.5592639,0,0,0,0,27.96099271,0,25.41498895,0,0,0
20,5,20,sample,Core16_20-25,65.6143402,7563.386257,8675.870623,0,8.223495731,1.569696995,25.97618156,0,0,1.473484806,226.9754223,0,0,0,0,73.43189363,115.388068,74.33329776,1845.338849,0,0
25,6,3,sample,Core16_25-30,195.0256779,8067.187713,8327.640401,0,11.08545411,0,33.81487959,0,0,143.2083191,227.1477913,0,0,0,0,43.33451515,79.60724117,39.79708685,0,0,0
30,7,4,sample,Core16_30-35,3272.107458,102621.8345,121144.7935,0,15.92717928,5.380469411,83.42432642,0,0,15.91225058,350.5145172,0,0,0,0,170.5098211,206.6750979,168.2103422,2371.412853,0,0
35,8,5,sample,Core16_35-40,237.5908832,208357.8968,268492.8861,0,12.56070294,3.37420406,48.53870742,0,0,17.49646236,197.6925857,0,0.63904272,0,0,203.4901227,236.6790313,211.5525262,0,0,0
40,9,6,sample,Core16_40-45,11356.9763,250688.9932,338110.8615,0,6.699370903,14.12513573,125.2800783,0,0,16.29840979,171.747576,0,1.010040487,0,0,324.0841927,359.7042304,335.6247135,0,0,0
45,10,7,sample,Core16_45-50,29.92005451,560850.3943,724665.0772,0,0,0,38.35976902,0,0,2.824392818,32.16856483,0,2.722901518,0,0,307.8712131,360.6922908,351.7980632,0,0,0
50,11,8,sample,Core16_50-55,247.8301614,449515.5697,566670.656,0,1.458959856,0,45.42470475,0,0,8.429412572,112.1782555,0,2.225948569,0,0,278.2793539,332.8436613,316.7716984,0,0,0
55,12,29,sample,Core16_55-60,479.2819077,901127.9611,1041022.582,0,4.809598769,0,68.14125482,0,0,9.16439106,125.9610044,0,3.898726249,0,0,396.3717135,470.7028784,474.2594369,1656.491497,0,0
60,13,30,sample,Core16_60-65,17500.77377,806392.6206,830761.6158,0,32.37997041,22.79933304,320.427717,0,0,21.52976856,584.1249714,0,3.891705892,0,0,626.5015125,730.076272,724.159432,0,0,0
65,14,31,sample,Core16_65-70,FALSE,1117296.391,1217023.529,2.042372865,21.54687011,28.58026665,322.5982031,0,0,16.08915622,304.5747018,0,4.635069405,0,0,726.9198383,827.8610793,867.1508314,0,0,0
70,15,32,sample,Core16_70-75,8775.71273,888572.3929,1032173.683,0,14.80277909,11.79017997,140.3402841,0,0,6.438511074,180.0084158,0,3.724684872,0,0,478.3271736,557.0433887,561.8306625,0,0,0
75,16,33,sample,Core16_75-80,2193.805561,820293.8214,990716.0824,0,9.243666444,8.774620324,130.1783416,0,0,4.798640316,333.3142541,0,3.392416802,0,0,430.5658306,502.9472558,500.7988974,0,0,0
80,17,34,sample,Core16_80-85,10785.26842,894268.9657,1037362.469,0,13.85953677,12.96135737,170.6781355,0,0,10.83674994,122.7663597,0,3.57096194,0,0,571.9969326,665.7942812,674.7965236,0,0,0
85,18,35,sample,Core16_85-90,29.60619072,777533.7331,954243.0981,0,2.767236647,6.052776828,56.5308363,0,0,6.02215912,21.76651462,0,3.221142613,0,0,366.1275741,429.5300699,427.169305,0,0,0
90,19,36,sample,Core16_90-95,33.72852327,747611.0459,912786.7165,0,2.473645744,0,51.54497502,0,0,8.575468619,17.11439124,0,3.12309695,0,0,361.1102343,439.5209346,416.4766615,0,0,0
95,20,37,sample,Core16_95-100,61.69179427,815668.3618,894916.2019,0,7.079821488,2.329587258,62.41699089,0,0,17.87900452,55.63221942,0,3.501246028,0,0,408.5903453,484.6470174,461.3522618,0,0,0.437866888
100,21,14,sample,Core16_100-105,415.3226675,626335.3838,744139.9377,0,6.143245485,0,59.85190492,0,0,0,54.18509068,0,2.96261616,0,0,342.2021814,400.837877,389.4799868,0,0,0
105,22,15,sample,Core16_105-110,243.6324308,574419.6749,703216.2046,0,6.024867906,0,56.14380082,0,0,0,60.2627956,0,2.69657245,0,0,330.3559281,384.1135114,370.6229449,1605.90704,0,0
110,23,16,sample,Core16_110-115,3740.696448,655696.8428,763175.3986,0,12.90855908,4.984854886,245.4697349,0,0,28.54818413,176.2665675,0,3.089746105,0,0,401.7609942,474.4726902,462.2831592,0,0,1.2427127
115,24,17,sample,Core16_115-120,352.9760658,503392.6591,614465.1787,0,12.82439243,0,58.14186537,0,0,2.552274691,126.7498233,0,2.393435453,0,0,307.7318372,365.486229,345.2965471,1444.039015,0,0
120,25,18,sample,Core16_120-125,27.76266596,642560.9866,736828.2511,0,1.907311412,0,42.13970801,0,0,1.354210037,38.77620751,0,3.073697008,0,0,352.9800559,411.3409955,407.5418088,0,0,0
125,26,19,sample,Core16_125-130,14.34820735,719638.067,860094.1747,0,1.413195295,0,48.42169512,0,0,1.472552103,24.53401086,0,3.295368408,0,0,378.2066521,445.9625416,439.6535663,0,0,0
130,27,20,sample,Core16_130-135,41.6479817,762012.6758,856821.6343,0,3.129679371,0,53.45274557,0,0,8.573292047,38.22558958,0,3.617103602,0,0,392.0047757,461.699638,465.9021643,0,0,0
135,28,21,sample,Core16_135-140,13030.80939,768031.4173,808338.2069,0,7.218310924,14.02804587,348.6989098,0,0,12.2967048,201.5652146,0,3.648951216,0,0,566.5141858,648.9554733,653.8832837,0,0,0
140,29,22,sample,Core16_140-145,90.48345931,739935.1411,808173.9939,0,16.77334169,3.614434339,53.00273697,0,0,1.252951535,52.82889456,0,3.531087845,0,0,436.7447204,511.3289912,507.552626,1592.418083,0,0
145,30,23,sample,Core16_145-150,798.6621993,640923.3263,735950.9027,0,6.075115631,2.392526998,67.62821271,0,0,1.096717868,73.60194221,0,2.987942316,0,0,423.9219163,494.7121913,483.5376739,0,0,0
150,31,18,sample,Core16_150-155,27.17431654,571076.0199,690030.0671,0,2.316616755,0,34.80485472,0,0,0,33.95025796,0,2.543624011,0,0,371.609687,420.4905428,414.5938009,0,0,0
155,32,21,sample,Core16_155-163,105.2716749,612181.7522,764236.2685,0,2.452059449,1.100848581,56.97183342,0,0,0.796678335,146.1329883,0,2.817432071,0,0,507.8768897,577.7604031,581.7662254,0,0,0.629525394
