depth_cm,pore_network_percent,pore_network_sigma_percent,dl_porosity_percent,sigma_void_percent,void_lower,void_upper,dl_brine_percent,sigma_brine_percent,brine_lower,brine_upper,dl_density_kg_m3,dl_density_sigma_kg_m3,dl_density_lower_kg_m3,dl_density_upper_kg_m3
0.5,0.002987,0.001433,0.075298551,0.5,0,0.575298551,0,0.1,0,0.1,916.3095123,3.1497438563350215,911.7245123,918.024
1.5,0.009836,0.005383,0.024213622,0.5,0,0.524213622,0,0.1,0,0.1,916.7779611,2.9155194568700153,912.1929611,918.024
2.5,0.009002,0.005244,0.656449233,0.5,0.15644923300000002,1.156449233,0,0.1,0,0.1,910.9803605,5.097000000000037,906.3953605,916.5893605
3.5,0.004364,0.00231,2.261088701,0.5,1.7610887009999998,2.761088701,0,0.1,0,0.1,896.2658166,5.097,891.6808166,901.8748166118299
4.5,0.000869,0.000672,3.832912227,0.574936834,3.257975393,4.407849061,0,0.1,0,0.1,881.8521949,5.784170768238539,876.5800241101715,888.1483656466486
5.5,0.000901,0.000813,5.787099586,0.8680649378999999,4.919034648,6.655164524,0,0.1,0,0.1,863.9322968,8.472155480542995,855.9721413,872.9164523
6.5,0.000519,0.000382,5.224259997,0.7836389995499999,4.440620997,6.007898997,0,0.1,0,0.1,869.0935358,7.6979696258734975,861.9075662016365,877.3035054533835
7.5,0.000517,0.000183,7.731331928,1.159699789,6.571632139,8.891031717,0,0.1,0,0.1,846.1036862202401,11.146447066964072,835.4692391532759,857.7621333
8.5,0.00042,0.000265,4.36352645,0.654528968,3.708997483,5.018055418,0,0.1,0,0.1,876.9864625,6.514030631975004,870.9844318,884.0124930854751
9.5,0.00041,0.000154,5.107022454,0.766053368,4.340969086,5.873075822,0,0.1,0,0.1,870.1686041,7.536709385477025,863.1438947113429,878.2173135
10.5,0.000553,0.000252,6.407466799,0.96112002,5.446346779,7.368586819,0,0.1,0,0.1,858.2435295,9.325470582,849.4300588711455,868.0810000351945
11.5,0.000517,0.000216,8.732976965,1.309946545,7.423030420250001,10.04292351,0,0.1,0,0.1,836.9186012,12.524209815357551,824.9063914155925,849.9548110463076
12.5,0.000532,0.000321,7.560949101,1.134142365,6.4268067358500005,8.695091466,0,0.1,0,0.1,847.6660967438299,10.912085488425475,837.2660112554046,859.0901822322555
13.5,0.000482,0.000255,5.766769124,0.865015369,4.901753755,6.631784493,0,0.1,0,0.1,864.1187271,8.444190930062064,856.1865362,873.0749180629821
14.5,0.000523,0.000349,5.033313998,0.7549971,4.278316898,5.788311097699999,0,0.1,0,0.1,870.8445106,7.4353234042489476,863.9211872,878.7918340425889
15.5,0.000423,0.00024,1.346399966,0.5,0.8463999659999999,1.846399966,0,0.1,0,0.1,904.6535123,5.097000000000037,900.0685123,910.2625123
16.5,0.000485,0.000485,0.495730004,0.5,0,0.995730004,0,0.1,0,0.1,912.4541559,5.077422068339956,907.8691558633201,918.024
17.5,0.000582,0.000269,0.20110758,0.5,0,0.70110758,0,0.1,0,0.1,915.1558435,3.7265782543000228,910.5708435,918.024
18.5,0.000598,0.000385,0.111579796,0.5,0,0.611579796,0,0.1,0,0.1,915.9768132706799,3.3160933646599915,911.3918133,918.024
19.5,0.000471,0.000284,0.010991717,0.5,0,0.510991717,0,0.1,0,0.1,916.899206,2.854897022445016,912.314206,918.024
20.5,0.00021,0.000135,0.100274934,0.5,0,0.600274934,0,0.1,0,0.1,916.0804789,3.2642605723900147,911.4954789,918.024
21.5,0.00054,0.000463,0.121695171,0.5,0,0.621695171,0,0.1,0,0.1,915.8840552819299,3.362472359034996,911.2990553,918.024
22.5,0.000511,0.000323,0.127046829,0.5,0,0.627046829,0,0.1,0,0.1,915.8349806,3.3870097109650033,911.2499806,918.024
23.5,0.000499,0.00037,0.248014586,0.5,0,0.748014586,0,0.1,0,0.1,914.7257062,3.9416468768100117,910.1407062,918.024
24.5,0.000526,0.000299,0.228121278,0.5,0,0.728121278,0,0.1,0,0.1,914.9081278807399,3.850436059629999,910.3231279,918.024
25.5,0.00044,0.00044,0.138223253,0.5,0,0.638223253,0,0.1,0,0.1,915.7324928,3.438253615,911.1474928,918.024
26.5,0.000365,0.000365,0.1774163,0.5,0,0.6774163,0,0.1,0,0.1,915.3730925,3.6179537355000093,910.7880925,918.024
27.5,0.000254,0.000146,0.078817701,0.5,0,0.578817701,0,0.1,0,0.1,916.2772417,3.165879159085023,911.6922417,918.024
28.5,0.000366,0.000191,0.067957084,0.5,0,0.567957084,0,0.1,0,0.1,916.3768335,3.1160832301400205,911.7918335,918.024
29.5,0.000383,0.000218,0.13184184,0.5,0,0.63184184,0,0.1,0,0.1,915.7910103,3.408994836399984,911.2060103,918.024
30.5,0.00032,0.000277,0.125440722,0.5,0,0.625440722,0,0.1,0,0.1,915.8497086,3.3796457103700277,911.2647086,918.024
31.5,0.0003,0.000209,0.194141998,0.5,0,0.694141998,0,0.1,0,0.1,915.2197179,3.6946410608300084,910.6347179,918.024
32.5,0.00032,0.000265,0.163346325,0.5,0,0.663346325,0,0.1,0,0.1,915.5021141997499,3.553442900124992,910.9171142,918.024
33.5,0.000216,7.4e-05,0.165804413,0.5,0,0.665804413,0,0.1,0,0.1,915.4795735327899,3.564713233605005,910.8945735,918.024
34.5,0.000265,0.000173,0.150460998,0.5,0,0.650460998,0,0.1,0,0.1,915.6202726,3.494363675830016,911.0352726,918.024
35.5,0.000186,9.8e-05,0.018688263,0.5,0,0.518688263,0,0.1,0,0.1,916.8286286,2.8901856858549877,912.2436286,918.024
36.5,0.000288,0.000168,0.015154832,0.5,0,0.515154832,0,0.1,0,0.1,916.8610302,2.8739849047199755,912.2760302,918.024
37.5,0.000481,0.000443,0.036784064,0.5,0,0.536784064,0,0.1,0,0.1,916.6626901,2.9731549334399574,912.0776901331201,918.024
38.5,0.000542,0.000265,0.119583887,0.5,0,0.619583887,0,0.1,0,0.1,915.9034158,3.3527921218949928,911.3184158,918.024
39.5,0.001018,0.000489,0.136478324,0.5,0,0.636478324,0,0.1,0,0.1,915.7484938,3.4302531155399834,911.1634938,918.024
40.5,0.00034,0.00034,0.014341465,0.5,0,0.514341465,0,0.1,0,0.1,916.8684888,2.870255617025009,912.2834888,918.024
41.5,0.011822,0.011822,0.028954763,0.5,0,0.528954763,0,0.1,0,0.1,916.7344848,2.937257588,912.1494848,918.024
42.5,0.000267,0.000267,0.016320024,0.5,0,0.516320024,0,0.1,0,0.1,916.8503454,2.8793273100400256,912.2653454,918.024
43.5,8.2e-05,8.2e-05,0.01633135,0.5,0,0.51633135,0,0.1,0,0.1,916.8502415,2.879379239749994,912.2652415,918.024
44.5,0.001136,0.001136,0.022739221,0.5,0,0.522739221,0,0.1,0,0.1,916.7914813,2.9087593282849866,912.2064813,918.024
45.5,0.003044,0.003044,0.041645578,0.5,0,0.541645578,0,0.1,0,0.1,916.6181100497399,2.995444975129999,912.03311,918.024
46.5,0.000656,0.000656,0.064363114,0.5,0,0.564363114,0,0.1,0,0.1,916.4097902,3.0996048776900125,911.8247902,918.024
47.5,0.000359,0.000359,0.062227215,0.5,0,0.5622272150000001,0,0.1,0,0.1,916.4293764,3.089811780774994,911.8443764,918.024
48.5,0.000171,0.000129,0.097186523,0.5,0,0.597186523,0,0.1,0,0.1,916.1087996,3.250100207955029,911.5237995840899,918.024
49.5,0.000669,0.000669,0.136653593,0.5,0,0.636653593,0,0.1,0,0.1,915.7468866,3.4310567239049874,911.1618866,918.024
50.5,0.000314,0.000314,0.130229062,0.5,0,0.630229062,0,0.1,0,0.1,915.8057995,3.401600249270018,911.2207995,918.024
51.5,0.000292,0.000292,0.030583925,0.5,0,0.530583925,0,0.1,0,0.1,916.7195454077499,2.944727296125052,912.1345454077499,918.024
52.5,0.000325,0.000325,0.028473038,0.5,0,0.528473038,0,0.1,0,0.1,916.7389022,2.935048879,912.1539022,918.024
53.5,0.001055,0.001055,0.032133999,0.5,0,0.532133999,0,0.1,0,0.1,916.7053312,2.9518343854149975,912.1203312,918.024
54.5,0.000145,0.000145,0.067155728,0.5,0,0.567155728,0,0.1,0,0.1,916.3841819742399,3.1124090128799935,911.799182,918.024
55.5,0.000141,0.000141,0.140665505,0.5,0,0.640665505,0,0.1,0,0.1,915.7100973,3.4494513404250142,911.1250973,918.024
56.5,0.000278,0.000278,0.122547221,0.5,0,0.622547221,0,0.1,0,0.1,915.876242,3.366379008285037,911.2912419834299,918.024
57.5,0.000473,0.000473,0.026180148,0.5,0,0.526180148,0,0.1,0,0.1,916.759928,2.9245359785800247,912.174928,918.024
58.5,0.000383,0.000383,0.060580192,0.5,0,0.560580192,0,0.1,0,0.1,916.4444796,3.08226018,911.8594796,918.024
59.5,0.000203,0.000203,0.048091682,0.5,0,0.548091682,0,0.1,0,0.1,916.5589993,3.025000361970001,911.9739993,918.024
60.5,0.000114,0.000103,0.014711486,0.5,0,0.514711486,0,0.1,0,0.1,916.8650957,2.8719521633099703,912.2800956733801,918.024
61.5,0.000311,0.000305,0.099749352,0.5,0,0.599749352,0,0.1,0,0.1,916.0852984,3.2618507789200066,911.5002984,918.024
62.5,0.001271,0.001271,3.481586826,0.522238024,2.959348802,4.00382485,0,0.1,0,0.1,885.0738488055799,5.300922679162966,880.2849261264171,890.8867715
63.5,0.000837,0.000837,3.593057378,0.538958607,3.054098771,4.132015985,0,0.1,0,0.1,884.0516638,5.454250423439021,879.1094134,890.0179142671791
64.5,1.562399,1.562399,2.770178321,0.5,2.270178321,3.270178321,0,0.1,0,0.1,891.5974647964299,5.097,887.0124648,897.2064647964299
65.5,0.000176,0.000122,2.296997431,0.5,1.7969974309999999,2.796997431,0,0.1,0,0.1,895.9365336,5.097,891.3515336,901.5455336
66.5,0.000231,0.000183,2.69183591,0.5,2.19183591,3.19183591,0,0.1,0,0.1,892.3158647,5.097,887.7308647053001,897.9248647
67.5,0.000277,0.000277,1.602216746,0.5,1.102216746,2.102216746,0,0.1,0,0.1,902.3076724,5.097,897.7226724391801,907.9166724
68.5,0.000694,0.000694,2.141752849,0.5,1.641752849,2.641752849,0,0.1,0,0.1,897.3601264,5.097000000000037,892.7751264,902.9691264
69.5,0.001421,0.001421,1.888434926,0.5,1.388434926,2.388434926,0,0.1,0,0.1,899.6830517285799,5.097,895.0980517,905.2920517
70.5,0.043198,0.043198,2.102028246,0.5,1.6020282460000002,2.602028246,0,0.1,0,0.1,897.724401,5.097,893.139401,903.333401
71.5,0.000465,0.000465,1.386561334,0.5,0.886561334,1.886561334,0,0.1,0,0.1,904.2852326,5.097000000000037,899.7002325672199,909.8942326
72.5,0.000696,0.000696,0.162322359,0.5,0,0.662322359,0,0.1,0,0.1,915.511504,3.548748016014997,910.926504,918.024
73.5,0.001637,0.001637,0.033533183,0.5,0,0.533533183,0,0.1,0,0.1,916.6925007,2.9582496440550017,912.1075007,918.024
74.5,0.001524,0.001524,0.163737542,0.5,0,0.663737542,0,0.1,0,0.1,915.4985267,3.5552366300699987,910.9135267,918.024
75.5,0.001871,0.001871,0.163689076,0.5,0,0.663689076,0,0.1,0,0.1,915.4989712,3.5550144134599577,910.9139711730801,918.024
76.5,0.002338,0.001973,0.121736002,0.5,0,0.621736002,0,0.1,0,0.1,915.8836808616601,3.3626595691699777,911.2986809,918.024
77.5,0.002985,0.002985,0.164497615,0.5,0,0.664497615,0,0.1,0,0.1,915.4915568704499,3.5587215647749986,910.9065569,918.024
78.5,0.002094,0.002094,0.217877301,0.5,0,0.717877301,0,0.1,0,0.1,915.0020651,3.803467425084989,910.4170651,918.024
79.5,0.001456,0.001456,0.251851561,0.5,0,0.7518515610000001,0,0.1,0,0.1,914.6905211856299,3.9592394071850094,910.1055212,918.024
80.5,0.009475,0.009475,0.179598787,0.5,0,0.679598787,0,0.1,0,0.1,915.3530791,3.6279604383950073,910.7680791,918.024
81.5,0.008821,0.008821,0.060381442,0.5,0,0.560381442,0,0.1,0,0.1,916.4463022,3.0813489115699895,911.8613022,918.024
82.5,3.2e-05,1e-05,0.000573926,0.5,0,0.500573926,0,0.1,0,0.1,916.9947371,2.807131450710017,912.4097371,918.024
83.5,0.012161,0.012161,0.019834369,0.5,0,0.519834369,0,0.1,0,0.1,916.8181188,2.8954405818650457,912.2331188362699,918.024
84.5,0.008671,0.008671,0.016367591,0.5,0,0.516367591,0,0.1,0,0.1,916.8499092,2.8795454047349835,912.2649092,918.024
85.5,0.019533,0.019533,0.012341762,0.5,0,0.512341762,0,0.1,0,0.1,916.886826,2.861086978770004,912.301826,918.024
86.5,0.000155,0.000155,0.007725028,0.5,0,0.507725028,0,0.1,0,0.1,916.9291614932399,2.8399192533800033,912.3441615,918.024
87.5,0.020677,0.020677,0.027578339,0.5,0,0.527578339,0,0.1,0,0.1,916.7471066,2.9309466843150176,912.1621066,918.024
88.5,0.006575,0.006575,0.079390164,0.5,0,0.579390164,0,0.1,0,0.1,916.2719922,3.168503901940028,911.6869922,918.024
89.5,0.011332,0.011332,0.254198511,0.5,0,0.754198511,0,0.1,0,0.1,914.6689997,3.9700001729350447,910.0839996541299,918.024
90.5,0.000635,0.000635,0.116022838,0.5,0,0.616022838,0,0.1,0,0.1,915.9360706,3.336464712229997,911.3510706,918.024
91.5,0.010487,0.010487,0.182370613,0.5,0,0.682370613,0,0.1,0,0.1,915.3276615,3.640669260605023,910.7426615,918.024
92.5,8.1e-05,8.1e-05,0.176830762,0.5,0,0.676830762,0,0.1,0,0.1,915.3784619,3.615269043770013,910.7934619,918.024
93.5,4.7e-05,4.7e-05,0.166770783,0.5,0,0.666770783,0,0.1,0,0.1,915.4707119198899,3.5691440400549936,910.8857119,918.024
94.5,4e-05,1.9e-05,0.06153258,0.5,0,0.56153258,0,0.1,0,0.1,916.4357462,3.086626879300013,911.8507462,918.024
95.5,0.00044,0.00044,0.089341907,0.5,0,0.589341907,0,0.1,0,0.1,916.1807347,3.2141326435950077,911.5957347,918.024
96.5,6.9e-05,6.9e-05,0.025540987,0.5,0,0.525540987,0,0.1,0,0.1,916.7657891,2.9216054253950006,912.1807891,918.024
97.5,7e-05,7e-05,0.074564337,0.5,0,0.574564337,0,0.1,0,0.1,916.316245,3.146377485145024,911.731245,918.024
98.5,0.000115,0.000115,0.193994515,0.5,0,0.693994515,0,0.1,0,0.1,915.2210702974501,3.693964851274984,910.6360703,918.024
99.5,3.6e-05,1.8e-05,0.023889278,0.5,0,0.523889278,0,0.1,0,0.1,916.7809353,2.914032339630012,912.1959353,918.024
100.5,0.000151,0.000151,0.02748179,0.5,0,0.52748179,0,0.1,0,0.1,916.7479919857001,2.9305040071499775,912.162992,918.024
101.5,5.9e-05,4.5e-05,0.058749872,0.5,0,0.558749872,0,0.1,0,0.1,916.4612636737601,3.0738681631199825,911.8762637,918.024
102.5,3e-05,1.7e-05,0.019260299,0.5,0,0.519260299,0,0.1,0,0.1,916.8233831,2.8928084709149857,912.2383831,918.024
103.5,6e-06,0,0.011786686,0.5,0,0.511786686,0,0.1,0,0.1,916.8919161,2.858541955310045,912.3069160893799,918.024
104.5,5.3e-05,5.1e-05,1.257391245,0.5,0.757391245,1.757391245,0,0.1,0,0.1,905.4697223,5.097,900.8847223,911.0787223
105.5,0.000105,9.3e-05,6.696535972,1.004480396,5.6920555762000005,7.701016368,0,0.1,0,0.1,855.5927651,9.723085229486003,846.3816799072739,865.8278503662459
106.5,0.000251,0.000251,5.721953188,0.858292978,4.86366021,6.580246166199999,0,0.1,0,0.1,864.5296893,8.382546610093982,856.6591427,873.4242358761339
107.5,0.001906,0.001906,2.856812284,0.5,2.356812284,3.356812284,0,0.1,0,0.1,890.8030314,5.097000000000037,886.2180314,896.4120314
108.5,0.022304,0.022304,1.341267814,0.5,0.8412678140000001,1.841267814,0,0.1,0,0.1,904.7005741,5.097,900.1155741,910.3095741
109.5,0.233446,0.233446,4.290597279,0.643589592,3.647007687,4.934186871,0,0.1,0,0.1,877.6552229515701,6.413716557264479,871.7535063943055,884.5809395088345
110.5,0.518692,0.518692,3.557459848,0.533618977,3.023840871,4.091078825,0,0.1,0,0.1,884.3780932,5.405286020923995,879.4848072,890.2953792
111.5,0.091177,0.091177,3.620421799,0.54306327,3.0773585291499996,4.163485069,0,0.1,0,0.1,883.8007321,5.491890185,878.8208419186454,889.8046222876945
112.5,0.013593,0.013593,3.349775113,0.502466267,2.8473088460500002,3.85224138,0,0.1,0,0.1,886.2825622,5.119615667931441,881.6749465458586,891.9141778817215
113.5,0.129685,0.129685,4.782524852,0.717378728,4.065146124,5.49990358,0,0.1,0,0.1,873.1442471,7.090362933926031,866.5658841732339,880.74661
114.5,0,0,6.031113818,0.9046670726999999,5.126446745,6.935780890699999,0,0.1,0,0.1,861.6946863,8.807797056659012,853.3988892,871.0144833
115.5,1.12281,1.12281,7.553680701,1.133052105,6.420628596,8.686732806150001,0,0.1,0,0.1,847.732748,10.90208780422546,837.3426601676045,859.1468357760555
116.5,0.335115,0.335115,6.899985195,1.034997779,5.864987416,7.934982974,0,0.1,0,0.1,853.7271357618499,10.002929635722467,844.2362061261275,864.2420653975724
117.5,0.045529,0.045529,6.06436528,0.9096547919999999,5.154710488,6.974020071999999,0,0.1,0,0.1,861.3897704,8.853534442639955,853.0482359,870.7553048
118.5,0.060099,0.060099,4.575423769,0.686313565,3.8891102036500005,5.261737334,0,0.1,0,0.1,875.043364,6.805495394259481,868.7498686440105,882.3608594325294
119.5,0.136325,0.136325,3.824026356,0.573603953,3.250422403,4.397630309,0,0.1,0,0.1,881.9336783,5.771948252678044,876.6737301,888.2176266
120.5,0.014238,0.014238,1.740290887,0.5,1.240290887,2.240290887,0,0.1,0,0.1,901.0415325662101,5.097,896.4565325662101,906.6505326
121.5,0.022879,0.022879,0.693566117,0.5,0.19356611700000004,1.193566117,0,0.1,0,0.1,910.6399987,5.097,906.0549987,916.2489987
122.5,0.000322,0.000225,0.115441253,0.5,0,0.615441253,0,0.1,0,0.1,915.9414037099899,3.333798145005005,911.3564037,918.024
123.5,0.052518,0.052518,0,0.5,0,0.5,0,0.1,0,0.1,917,2.8045000000000186,912.415,918.024
124.5,0.0873,0.0873,0,0.5,0,0.5,0,0.1,0,0.1,917,2.8045000000000186,912.415,918.024
125.5,0.319484,0.319484,0.148367554,0.5,0,0.648367554,0,0.1,0,0.1,915.6394695298201,3.4847652350899807,911.0544695,918.024
126.5,2.75978,2.75978,2.733315415,0.5,2.233315415,3.233315415,0.009312043,0.1,0,0.10931204300000001,892.0308529647699,5.144677660159971,887.3504976,897.639853
127.5,0.022837,0.022837,3.819237836,0.572885675,3.246352161,4.392123511,0.071671754,0.1,0,0.171671754,882.7115078,6.132321023898044,876.7242274004619,888.9888694
128.5,0.009331,0.009331,4.337812555,0.650671883,3.687140672,4.988484438,0.213198954,0.1,0.11319895399999999,0.313198954,879.4054162,6.990661169402472,872.4147549902076,886.3960773290125
129.5,0.052627,0.052627,3.9569599,0.593543985,3.363415915,4.550503885,0.341298362,0.1,0.24129836200000002,0.44129836200000006,884.2095729,6.4667983424500335,877.7427746014299,890.6763713
130.5,0.012873,0.012873,4.250010526,0.6375015788999999,3.612508947,4.887512105,0.219175219,0.1,0.119175219,0.319175219,880.2717577191399,6.8698894785130165,873.4018682,887.1416472
131.5,0.022851,0.022851,3.203069224,0.5,2.703069224,3.703069224,0.427541907,0.1,0.32754190699999997,0.527541907,892.0058843,5.609000000000037,886.3968843435999,897.6148843
132.5,0.015365,0.015365,2.608874679,0.5,2.108874679,3.108874679,0.202634797,0.1,0.102634797,0.302634797,895.1515995148501,5.6089999999999804,889.5425995,900.7605995
133.5,0,0,4.942341114,0.741351167,4.200989947,5.683692281100001,0.130852247,0.1,0.030852247,0.230852247,873.018659,7.822190202307013,865.1964688,880.8408492
134.5,0.336789,0.336789,5.601242636,0.8401863954000001,4.761056241,6.441429031,1.53049732,0.229574598,1.3009227220000001,1.760071918,881.3088976,10.05535312933796,871.2535445,891.3642507140179
135.5,4.930779,4.930779,5.272579234,0.790886885,4.481692349,6.063466119,1.277779992,0.191666999,1.086112993,1.4694469907999999,881.7349155423001,9.215102804079038,872.5198127382209,890.9500183
136.5,0.003435,0.003435,6.31680562,0.947520843,5.369284777000001,7.264326463,0.577325784,0.1,0.47732578400000003,0.677325784,864.9867085,9.712766130310001,855.2739424,874.6994746
137.5,0.00128,0.00128,8.659423683,1.298913552,7.360510131,9.958337235,0.210184095,0.1,0.11018409499999998,0.310184095,839.74537,12.935037275966522,826.8103326837235,852.6804072356565
138.5,0.00149,0.00149,9.089996093,1.3634994139499999,7.726496679,10.45349551,0.173672168,0.1,0.073672168,0.273672168,835.4231388275101,13.527289625921526,821.8958492015885,848.9504284534315
139.5,0.000994,0.000897,7.856372334,1.17845585,6.677916484,9.034828184,0.046901529,0.1,0,0.146901529,845.4373373541799,11.55857597389695,834.1506256,857.2677775
140.5,0.001158,0.001158,6.283711006,0.942556651,5.341154355,7.226267657,0.015951716,0.1,0,0.11595171600000001,859.5417156,9.236917274672976,850.7351256,869.2089601
141.5,0.001663,0.001663,5.637270763,0.8455906144499999,4.791680149,6.482861377,0.014464524,0.1,0,0.11446452400000001,865.4543438,8.340124297386467,857.5521611687835,874.2324097635565
142.5,0.014981,0.014981,7.606830881,1.141024632,6.465806249,8.747855513,0.049156007,0.1,0,0.149156007,847.7487183329099,11.226874632655438,836.7821649444145,859.2359142097254
143.5,0.032925,0.032925,6.342593928,0.951389089,5.391204839,7.293983017,0.049707458,0.1,0,0.14970745800000002,859.3474181,9.490740132924032,850.1141757,869.095656
144.5,0.007649,0.007649,3.069210181,0.5,2.569210181,3.569210181,0.007422025,0.1,0,0.107422025,888.9313442,5.135000767999998,884.2703426,894.5403442
145.5,0.963812,0.963812,5.364392306,0.804658846,4.55973346,6.169051152,0,0.1,0,0.1,867.8085226,7.890721616902965,860.4298009370771,876.2112442
146.5,1.893789,1.893789,2.771322336,0.5,2.271322336,3.271322336,0,0.1,0,0.1,891.5869741788799,5.097,887.0019742,897.1959742
147.5,0.004653,0.004653,2.439271305,0.5,1.9392713050000001,2.939271305,0,0.1,0,0.1,894.6318821,5.097,890.0468821,900.2408821
148.5,0.005079,0.005079,2.70261697,0.5,2.20261697,3.20261697,0,0.1,0,0.1,892.2170023850999,5.097,887.6320024,897.8260024
149.5,0.008092,0.008092,3.740683628,0.561102544,3.179581084,4.301786172,0,0.1,0,0.1,882.6979311,5.657310330313976,877.5526208009261,888.8672415
150.5,0.733757,0.733757,4.89212739,0.733819109,4.158308282,5.625946498499999,0,0.1,0,0.1,872.1391918,7.2411212249450045,865.4100706,879.8923131
151.5,0.013711,0.013711,6.00705932,0.9010588979999999,5.106000422,6.908118217999999,0,0.1,0,0.1,861.915266,8.774710094660009,853.6525559409399,871.2019761302599
152.5,0.004829,0.004829,5.562721231,0.834408185,4.728313046,6.397129416,0,0.1,0,0.1,865.9898463,8.163523053,858.3383232584895,874.6653693649705
153.5,0.003353,0.003353,4.957430161,0.743614524,4.213815637,5.701044685149999,0,0.1,0,0.1,871.5403654,7.330945186455494,864.7214202371745,879.3833106100855
154.5,0,0,3.666833833,0.550025075,3.1168087580500003,4.216858908,0,0.1,0,0.1,883.3751338,5.555729937,878.3314038140985,889.4428636886814
155.5,0.025096,0.025096,3.510219116,0.5265328673999999,2.983686249,4.036751983,0,0.1,0,0.1,884.8112907,5.340306394057961,879.9829843,890.6635971003379
156.5,0.009944,0.009944,2.967667835,0.5,2.467667835,3.467667835,0,0.1,0,0.1,889.786486,5.097000000000037,885.201486,895.3954859530501
157.5,0.015662,0.015662,3.174875219,0.5,2.674875219,3.674875219,0,0.1,0,0.1,887.8863942417701,5.097000000000037,883.3013942,893.4953942417701
158.5,0.009245,0.009245,3.782557734,0.56738366,3.215174074,4.349941394,0,0.1,0,0.1,882.3139456,5.714908163117002,877.1110374,888.5408537
159.5,0.011935,0.011935,3.87697835,0.581546753,3.295431598,4.4585251024999994,0,0.1,0,0.1,881.4481085,5.844783720425028,876.1153248,887.8048923
160.5,0.008825,0.008825,4.151275991,0.622691399,3.5285845923500005,4.77396739,0,0.1,0,0.1,878.9327991625299,6.222080125620494,873.2227190369094,885.6668792881504
161.5,0.00601,0.00601,3.284170809,0.5,2.784170809,3.784170809,0,0.1,0,0.1,886.8841537,5.097000000000037,882.2991537,892.4931536814701
162.5,1.352897,1.352897,4.048624539,0.607293681,3.4413308581500006,4.65591822,0,0.1,0,0.1,879.874113,6.080883053394473,874.3052299239755,886.4669960307644
163.5,0.007365,0.007365,4.406321847,0.660948277,3.74537357,5.067270124,0,0.1,0,0.1,876.5940286630099,6.572895700548543,870.5331329624614,883.6789243635585
164.5,0.00851,0.00851,4.228690535,0.63430358,3.594386955,4.862994115,0,0.1,0,0.1,878.2229078,6.328563830892506,872.4063439631575,885.0634716249425
165.5,0.003172,0.003172,3.355254161,0.503288124,2.851966037,3.858542285,0,0.1,0,0.1,886.2323193,5.127152098455497,881.6171672451745,891.8714714420855
166.5,0.001032,0.001032,4.702922898,0.7054384346999999,3.9974844632999997,5.408361332699999,0,0.1,0,0.1,873.8741970253401,6.980870446198992,867.4053266,881.3670675
167.5,0.000264,0.000264,5.72856458,0.8592846869999999,4.869279893,6.587849266999999,0,0.1,0,0.1,864.4690628,8.391640579790021,856.5894222,873.3727034
